{
  "id": "hurricane_gultch",
  "packId": "offroad_pack_1",
  "name": "Hurricane Gultch",
  "image": "hurricane_gultch.jpg",
  "width": 160,
  "depth": 160,
  "defaultTerrainType": "packed_dirt",
  "hidden": true,
  "borderTerrainType": "loose_dirt",
  "wear": {
    "enabled": true,
    "source": "aiPath",
    "width": 3.2,
    "intensity": 0.8,
    "laneSpacing": 1.3,
    "alphaBreakup": 0.28,
    "pathWander": 0.5,
    "edgeSoftness": 0.75,
    "secondaryPathCount": 4,
    "secondaryPathStrength": 0.62,
    "secondaryPathSpacing": 0.1,
    "seed": 1337
  },
  "features": [
    {
      "type": "meshGrid",
      "centerX": 0,
      "centerZ": 0,
      "width": 160,
      "depth": 160,
      "cols": 11,
      "rows": 11,
      "heights": [
        0,
        0,
        0,
        0,
        0,
        0,
        0,
        0,
        12,
        16,
        17,
        4,
        0.7999999999999998,
        0,
        0,
        0,
        0,
        0,
        0,
        10,
        14,
        15.5,
        8,
        1.5999999999999996,
        0,
        0,
        0,
        0,
        0,
        3,
        11,
        14,
        15,
        12,
        3.999999999999999,
        0.7999999999999996,
        0,
        0,
        0,
        0,
        0,
        6.5,
        14,
        14,
        16,
        8,
        2.3999999999999995,
        0,
        0,
        0,
        0,
        0,
        4,
        14,
        14,
        20,
        12,
        3.999999999999999,
        0,
        0,
        0,
        0,
        0,
        4,
        14,
        14,
        20,
        10.719999999999999,
        3.3599999999999994,
        0,
        0,
        0,
        0,
        0,
        6,
        17.2,
        17.2,
        20,
        10.4,
        3.1999999999999993,
        0,
        0,
        0,
        0,
        2,
        17,
        24,
        24,
        20,
        10.4,
        1,
        0,
        0,
        0,
        5.200000000000002,
        14.840000000000005,
        23,
        26,
        26,
        21,
        10.719999999999999,
        1,
        0,
        0,
        0,
        7.999999999999998,
        19.599999999999994,
        26,
        26.000000000000004,
        26,
        22,
        11,
        -8.881784197001252e-16,
        0,
        0,
        0,
        7.999999999999998,
        19.599999999999994,
        26,
        26,
        26
      ],
      "smoothing": 0.25
    },
    {
      "type": "polyHill",
      "points": [
        {
          "x": -49.71573420533429,
          "z": -23.34592075742451,
          "radius": 0
        },
        {
          "x": -52.89005788258597,
          "z": 0.041966860523366734,
          "radius": 0
        },
        {
          "x": -55.131069829387556,
          "z": 56.27811294480084,
          "radius": 0
        },
        {
          "x": -41.7011080401057,
          "z": 58.869588154758674,
          "radius": 0
        }
      ],
      "height": 3,
      "width": 15,
      "terrainType": null,
      "closed": false,
      "filled": false
    },
    {
      "type": "polyWall",
      "points": [
        {
          "x": -23.962895578397315,
          "z": -11.470305406029809,
          "radius": 5
        },
        {
          "x": 18.62530107163566,
          "z": -10.371478897450437,
          "radius": 4
        },
        {
          "x": 19.392739883014094,
          "z": -5.254499020160793,
          "radius": 5.5
        },
        {
          "x": -30.257928045447663,
          "z": -4.477005069536482,
          "radius": 4.5
        },
        {
          "x": -31.383249340607748,
          "z": -65.74383391953396,
          "radius": 8
        },
        {
          "x": -80,
          "z": -63.96789252534063,
          "radius": 10
        },
        {
          "x": -80,
          "z": 80,
          "radius": 18
        },
        {
          "x": 80,
          "z": 80,
          "radius": 12
        },
        {
          "x": 78.0895115655473,
          "z": -80,
          "radius": 12
        },
        {
          "x": -25.107823442319834,
          "z": -77.5,
          "radius": 5.5
        }
      ],
      "height": 5,
      "collisionHeight": 12,
      "thickness": 0.5,
      "friction": 0.1,
      "closed": true
    },
    {
      "type": "squareHill",
      "centerX": 30.242390140481376,
      "centerZ": -6.833675699181889,
      "width": 20,
      "depth": 5.5,
      "height": -2.5,
      "waterLevelOffset": 1.5,
      "transition": 5.5,
      "terrainType": "water"
    },
    {
      "type": "terrainPath",
      "points": [],
      "width": 8,
      "cornerRadius": 0,
      "terrainType": "mud"
    },
    {
      "type": "polyWall",
      "points": [
        {
          "x": -60.71235270105398,
          "z": 49.970956093717184,
          "radius": 4.5
        },
        {
          "x": -60.96755863915917,
          "z": 1.6043550638370405,
          "radius": 6.5
        },
        {
          "x": -55.635847196945576,
          "z": 1.665673501607401,
          "radius": 4.5
        },
        {
          "x": -55.22461709177764,
          "z": 37.94672506870607,
          "radius": 4.5
        },
        {
          "x": -49.23959573205162,
          "z": 51.08128143067955,
          "radius": 5
        }
      ],
      "height": 2,
      "collisionHeight": 7,
      "thickness": 0.5,
      "friction": 0.1,
      "closed": true
    },
    {
      "type": "squareHill",
      "centerX": -17.568968149105977,
      "centerZ": 58.53942484536214,
      "width": 7.5,
      "depth": 49.5,
      "height": -3,
      "waterLevelOffset": 1,
      "transition": 5,
      "terrainType": "water"
    },
    {
      "type": "hill",
      "centerX": -59.4880268080928,
      "centerZ": -50.72349372602734,
      "radiusX": 7.5,
      "radiusZ": 5.5,
      "angle": 155,
      "height": -2.5,
      "waterLevelOffset": 1.5,
      "terrainType": "water"
    },
    {
      "type": "hill",
      "centerX": -59.09791035279799,
      "centerZ": -30.225650133093765,
      "radiusX": 6.5,
      "radiusZ": 8,
      "angle": 0,
      "height": 3.5,
      "waterLevelOffset": 0,
      "terrainType": "loose_dirt"
    },
    {
      "type": "hill",
      "centerX": -49.09791035279799,
      "centerZ": -32.225650133093765,
      "radiusX": 8.5,
      "radiusZ": 11,
      "angle": 0,
      "height": 4,
      "waterLevelOffset": 0,
      "terrainType": "loose_dirt"
    },
    {
      "type": "hill",
      "centerX": -45.59791035279799,
      "centerZ": -39.225650133093765,
      "radiusX": 4.5,
      "radiusZ": 4.5,
      "angle": 0,
      "height": 1.5,
      "waterLevelOffset": 0,
      "terrainType": "loose_dirt"
    },
    {
      "type": "hill",
      "centerX": -43.128946957688434,
      "centerZ": -30.323141419699702,
      "radiusX": 4.5,
      "radiusZ": 4.5,
      "angle": 0,
      "height": 3.5,
      "waterLevelOffset": 0,
      "terrainType": "loose_dirt"
    },
    {
      "type": "hill",
      "centerX": -14.280631157845884,
      "centerZ": -66.75190714527284,
      "radiusX": 5,
      "radiusZ": 6,
      "angle": 0,
      "height": 3.5,
      "waterLevelOffset": 0,
      "terrainType": "loose_dirt"
    },
    {
      "type": "hill",
      "centerX": -3.5074617877019776,
      "centerZ": -69.19635913595121,
      "radiusX": 8,
      "radiusZ": 5.5,
      "angle": 152,
      "height": 2,
      "waterLevelOffset": 0,
      "terrainType": "loose_dirt"
    },
    {
      "type": "hill",
      "centerX": 12.136022731004047,
      "centerZ": -19.07373409903161,
      "radiusX": 8.5,
      "radiusZ": 6,
      "angle": 0,
      "height": -3,
      "waterLevelOffset": 0,
      "terrainType": "mud"
    },
    {
      "type": "polyWall",
      "points": [
        {
          "x": 54.67863722234533,
          "z": 50.28656562888482,
          "radius": 6.5
        },
        {
          "x": -43.41835345046061,
          "z": 46.51577669928257,