{
  "schemaVersion": 1,
  "id": "leapin_lizards",
  "packId": "offroad_pack_2",
  "hidden": false,
  "name": "Leapin' Lizards",
  "image": "leapin_lizards.png",
  "width": 160,
  "depth": 160,
  "defaultTerrainType": "packed_dirt",
  "borderTerrainType": "loose_dirt",
  "wear": {
    "enabled": true,
    "source": "aiPath",
    "alphaBreakup": 0.28,
    "width": 4,
    "intensity": 0.8,
    "laneSpacing": 2,
    "pathWander": 0.7,
    "edgeSoftness": 1,
    "secondaryPathCount": 60,
    "secondaryPathStrength": 0.8,
    "secondaryPathSpacing": 0.04,
    "seed": 1337
  },
  "features": [
    {
      "type": "meshGrid",
      "centerX": 0,
      "centerZ": 0,
      "width": 160,
      "depth": 160,
      "cols": 11,
      "rows": 11,
      "heights": [
        0,
        0,
        0,
        0,
        0,
        0,
        0,
        0,
        0,
        0,
        0,
        0,
        0,
        0,
        0,
        0,
        0,
        0,
        0,
        0,
        0,
        0,
        0,
        0,
        1.4400000000000004,
        1.4400000000000004,
        0,
        0,
        0,
        0,
        0,
        0,
        0,
        0,
        0.96,
        5.28,
        4.48,
        -0.7999999999999998,
        -0.7999999999999998,
        4.319999999999998,
        3.6800000000000006,
        1.4399999999999988,
        0,
        0,
        0,
        2.6400000000000006,
        6,
        12,
        -2.1,
        -2.1,
        14,
        6,
        3.599999999999998,
        0,
        0,
        0,
        3.6,
        6,
        12,
        -2.5,
        -2.5,
        14,
        6,
        2.599999999999998,
        0,
        0,
        2,
        1.5600000000000005,
        6,
        12,
        -2.1,
        -2.1,
        14,
        6,
        3.599999999999998,
        0,
        0,
        3,
        1.920000000000002,
        5.760000000000004,
        10.480000000000004,
        -0.8000000000000007,
        -0.8000000000000007,
        5.820000000000003,
        4.180000000000004,
        1.4400000000000004,
        0,
        0,
        0,
        0,
        8.44,
        -0.5,
        0,
        0,
        3,
        0,
        0,
        0,
        0,
        0,
        0,
        3,
        -0.5,
        0,
        0,
        0,
        0,
        0,
        0,
        0,
        0,
        0,
        0,
        0,
        0,
        0,
        0,
        0,
        0,
        0,
        0
      ],
      "smoothing": 0.4,
      "angle": 233
    },
    {
      "type": "polyWall",
      "points": [
        {
          "x": -16.55562947591089,
          "z": -50.08121602913853,
          "radius": 5.5
        },
        {
          "x": 3.669179597080353,
          "z": -22.32149260648947,
          "radius": 6.5
        },
        {
          "x": 31,
          "z": -48,
          "radius": 12
        }
      ],
      "height": 2,
      "collisionHeight": 6,
      "thickness": 0.5,
      "friction": 0.05,
      "closed": true
    },
    {
      "type": "polyWall",
      "points": [
        {
          "x": 6.839848000444377,
          "z": 33.87713927925846,
          "radius": 4
        },
        {
          "x": -21,
          "z": 46,
          "radius": 5.5
        },
        {
          "x": -19,
          "z": 55,
          "radius": 4
        },
        {
          "x": 6.000783210184299,
          "z": 54.14724339734559,
          "radius": 2.5
        },
        {
          "x": 20,
          "z": 51,
          "radius": 4
        }
      ],
      "height": 2,
      "collisionHeight": 5,
      "thickness": 0.5,
      "friction": 0.05,
      "closed": true
    },
    {
      "type": "polyWall",
      "points": [
        {
          "x": 77,
          "z": 62,
          "radius": 4.5
        },
        {
          "x": 77,
          "z": 38,
          "radius": 4
        },
        {
          "x": 30.643499483806266,
          "z": 14.29626583766197,
          "radius": 11
        },
        {
          "x": 39.9450898928407,
          "z": 10.857932063093703,
          "radius": 6.5
        },
        {
          "x": 76.06952657078125,
          "z": 14.318579629579702,
          "radius": 4
        },
        {
          "x": 72.24125359771631,
          "z": -63.155315281902965,
          "radius": 7
        },
        {
          "x": 53.5,
          "z": -78,
          "radius": 9.5
        },
        {
          "x": -49,
          "z": -79,
          "radius": 9
        },
        {
          "x": -70.73219305503487,
          "z": -58.17611741342824,
          "radius": 10
        },
        {
          "x": -21.293783783621457,
          "z": -8.214962400898969,
          "radius": 5.5
        },
        {
          "x": -64,
          "z": 23,
          "radius": 6
        },
        {
          "x": -66,
          "z": 62,
          "radius": 6
        },
        {
          "x": -49,
          "z": 80,
          "radius": 6
        },
        {
          "x": 55,
          "z": 80,
          "radius": 3.5
        }
      ],
      "height": 3,
      "collisionHeight": 6,
      "thickness": 0.5,
      "friction": 0.05,
      "closed": true
    },
    {
      "type": "squareHill",
      "centerX": 57,
      "centerZ": -46,
      "width": 13.5,
      "depth": 17.5,
      "angle": 158,
      "waterLevelOffset": 0,
      "transition": 6.5,
      "terrainType": "loose_dirt",
      "heightAtMin": -0.5,
      "heightAtMax": 5.5,
      "blendWidth": 5
    },
    {
      "type": "hill",
      "centerX": 23,
      "centerZ": -56,
      "radiusX": 6,
      "radiusZ": 6,
      "angle": 0,
      "height": 5,
      "waterLevelOffset": 2,
      "terrainType": "loose_dirt",
      "blendWidth": 2.5
    },
    {
      "type": "hill",
      "centerX": 35.46537901756806,
      "centerZ": -56.051005057771974,
      "radiusX": 6,
      "radiusZ": 6,
      "angle": 0,
      "height": 5,
      "waterLevelOffset": 2,
      "terrainType": "loose_dirt",
      "blendWidth": 2.5
    },
    {
      "type": "hill",
      "centerX": 35.96537901756806,
      "centerZ": -43.551005057771974,
      "radiusX": 5,
      "radiusZ": 5,
      "angle": 0,
      "height": 3.5,
      "waterLevelOffset": 0,
      "terrainType": "loose_dirt",
      "blendWidth": 2.5
    },
    {
      "type": "hill",
      "centerX": 28.46537901756806,
      "centerZ": -33.051005057771974,
      "radiusX": 6,
      "radiusZ": 6,
      "angle": 0,
      "height": 5,
      "waterLevelOffset": 2,
      "terrainType": "loose_dirt",
      "blendWidth": 2.5
    },
    {
      "type": "hill",
      "centerX": 42.96537901756806,
      "centerZ": -35.051005057771974,
      "radiusX": 5,
      "radiusZ": 5,
      "angle": 0,
      "height": 3.5,
      "waterLevelOffset": 0,
      "terrainType": "loose_dirt",
      "blendWidth": 2.5
    },
    {
      "type": "checkpoint",
      "centerX": -15,
      "centerZ": -23,
      "heading": 0.6108652381980153,
      "width": 27,
      "checkpointNumber": 1
    },
    {
      "type": "flag",
      "x": -17,
      "z": -49.5,
      "color": "red"
    },
    {
      "type": "flag",
      "x": 25,
      "z": -48,
      "color": "red"
    },
    {
      "type": "flag",
      "x": 21,
      "z": 51,
      "color": "red"
    },
    {
      "type": "flag",
      "x": -25,
      "z": 52,
      "color": "red"
    },
    {
      "type": "bannerString",
      "x": -11,
      "z": -17,
      "heading": 0.6457718232379019,
      "width": 38,
      "poleHeight": 11
    },
    {
      "type": "polyHill",
      "points": [
        {
          "x": -46.7262252912574,
          "z": -36.60322423605159,
          "radius": 10
        },
        {
          "x": -69.18639822030829,
          "z": -57.40930079027999,
          "radius": 14.5
        },
        {
          "x": -49.50214860917684,
          "z": -76.38801635465322,
          "radius": 10
        },
        {
          "x": -20.011528307691453,
          "z": -77.36381890385553,